origin_province,destination_province,INDUSTRIA MANUFACTURERA,"AGRICULTURA, GANADERÍA, CAZA Y SILVICULTURA",PESCA,EXPLOTACIÓN DE MINAS Y CANTERAS,total_tons
Buenos Aires,Buenos Aires,28712270.45354824,34156525.29667104,333716.5274125586,36319182.446840234,99521694.72447394
Buenos Aires,Catamarca,29188.855132302855,2540.62129965601,36.60344064608253,206367.0937013625,238133.173573967
Buenos Aires,Chaco,158973.79491171852,9018.716952467537,7397.478234351399,153618.30533289764,329008.2954314322
Buenos Aires,Chubut,465647.05560689425,20879.078857318684,27215.000000000044,930445.9323257107,1444187.0667899367
Buenos Aires,Ciudad Autónoma de Buenos Aires,4931765.582567594,906699.9013861587,74508.99895752704,7916520.507266985,13829494.99017827
Buenos Aires,Corrientes,540041.2470610655,111126.31143686606,41211.99309895212,210781.09909680873,903160.6506936864
Buenos Aires,Córdoba,1172268.960685614,462952.52627693675,4761.924917484862,1425756.9847573552,3065740.396637413
Buenos Aires,Entre Ríos,634117.330647539,658385.6803432016,10089.478899641308,318044.24890469183,1620636.7387950716
Buenos Aires,Formosa,164425.14481232862,5689.989515007731,3730.1067272801656,72351.02462086086,246196.2656754776
Buenos Aires,Jujuy,28334.62825232362,6442.172765328968,6225.999999999999,333499.9840160086,374502.7850336609
Buenos Aires,La Pampa,209837.49154353284,239616.33950228116,0.0,83566.16642593115,533019.9974717469
Buenos Aires,La Rioja,24359.437281930805,1347.0368046810208,0.0,129015.79325275325,154722.26733936573
Buenos Aires,Mendoza,1552017.0111763864,38538.7784361745,7775.0,596320.9572379572,2194651.7468505134
Buenos Aires,Misiones,3440867.7788144955,50138.83242120453,21460.169537085425,192510.00963542087,3704976.7904081875
Buenos Aires,Neuquén,380414.1260679935,30043.999999999996,0.0,447569.5141494261,858027.6402174165
Buenos Aires,Río Negro,537232.9166855279,42425.34121386087,0.0,487533.9006649279,1067192.158564327
Buenos Aires,Salta,221035.9597732191,20345.064622461778,10835.000000000018,1013112.9654384233,1265328.9898341026
Buenos Aires,San Juan,448762.29828476545,1179.6919322054925,0.0,328450.8942309546,778392.8844479208
Buenos Aires,San Luis,100073.15134994575,15430.599700153596,0.0,399139.37278235325,514643.12383244495
Buenos Aires,Santa Cruz,258989.34873947065,11674.347595232843,0.0,667165.7505858516,937829.4469205616
Buenos Aires,Santa Fe,3988102.053370588,7765823.377632205,29500.7354879254,1446726.6460935962,13230152.812584441
Buenos Aires,Santiago del Estero,214000.9298382163,8149.749669502956,7286.396559353906,199851.21917674135,429288.2952438169
Buenos Aires,"Tierra del Fuego, Antártida e Islas del Atlántico Sur",103383.9891242698,3420.0,0.0,323286.3754038392,430090.3645281091
Buenos Aires,Tucumán,748002.2124205354,20665.983325948913,6225.0,324145.73365267256,1099038.9293991718
Catamarca,Buenos Aires,0.0,12425.717574623624,0.0,84981.83432763103,97407.55190225443
Catamarca,Catamarca,225849.8841680462,78896.55662853946,0.0,902907.9747299617,1207654.4155265437
Catamarca,Chaco,37697.00000000002,2072.789111314855,0.0,800.1839215570968,40569.97303287194
Catamarca,Chubut,0.0,1097.5198447725165,0.0,181.2236356731255,1278.7434804456434
Catamarca,Ciudad Autónoma de Buenos Aires,0.0,577.3261557855943,0.0,19191.126960599406,19768.453116385037
Catamarca,Corrientes,1319.03404014677,0.837007736579662,0.0,938.2274218471558,2258.098469730509
Catamarca,Córdoba,0.0,47814.574235127664,0.0,62164.508394975775,109979.08263010332
Catamarca,Entre Ríos,0.0,1842.5153309216294,0.0,1220.9999999999982,3063.5153309216325
Catamarca,Formosa,0.0,155.00000000000009,0.0,129046.59053702262,129201.5905370227
Catamarca,Jujuy,157.63450393144188,66.85184755884072,0.0,111316.38447125038,111540.87082274068
Catamarca,La Pampa,0.0,0.9114830258112484,0.0,441.0503472516438,441.96183027745514
Catamarca,La Rioja,36170.00000000005,94674.4299999999,0.0,2582.475593408653,133426.90559340882
Catamarca,Mendoza,4243.999999999997,243385.9906706133,0.0,3409.0517442028645,251039.04241481642
Catamarca,Misiones,25.12772676649016,4596.847201220636,0.0,1610.2212364955888,6232.19616448273
Catamarca,Neuquén,0.0,0.0,0.0,229.99999999999952,229.99999999999952
Catamarca,Río Negro,0.0,4.970155227484726,0.0,418.7763643268739,423.7465195543589
Catamarca,Salta,231262.74272542069,1399.135422494848,0.0,1129283.7785490442,1361945.6566969578
Catamarca,San Juan,0.0,2039.9999999999957,0.0,9182.999999999998,11223.000000000002
Catamarca,San Luis,0.0,1796.8729999999975,0.0,8917.000000000015,10713.873000000007
Catamarca,Santa Cruz,0.0,0.0,0.0,83.00000000000001,83.00000000000001
Catamarca,Santa Fe,434.0000000000005,36742.80826920937,0.0,12485.695616618288,49662.5038858277
Catamarca,Santiago del Estero,233760.0714022755,50162.52456308759,0.0,6744.275181320791,290666.87114668486
Catamarca,"Tierra del Fuego, Antártida e Islas del Atlántico Sur",0.0,0.0,0.0,57.0,57.0
Catamarca,Tucumán,380251.6143259428,18294.273707601285,0.0,90202.99999999968,488748.88803354435
Chaco,Buenos Aires,10.921386516108651,3505408.0177244125,0.0,0.0,3505418.9391109264
Chaco,Catamarca,0.18530784100972053,701.0647585874954,0.0,0.0,701.250066428507
Chaco,Chaco,122889.2605189705,1013165.6869855329,0.0,168260.23793858333,1304315.1854430886
Chaco,Chubut,0.22531290162353843,42625.00000000002,0.0,0.0,42625.225312901806
Chaco,Ciudad Autónoma de Buenos Aires,2.514132541773144,1088470.4316358694,0.0,0.0,1088472.9457684115
Chaco,Corrientes,10556.310943656354,93069.69546321963,0.0,132.47631334488395,103758.48272022107
Chaco,Córdoba,1.320140799773721,88148.19646887478,0.0,0.0,88149.51660967447
Chaco,Entre Ríos,0.43244285536894145,483842.36899999995,0.0,0.0,483842.80144285504
Chaco,Formosa,140581.11935263046,9186.999999999995,0.0,0.0,149768.11935263066
Chaco,Jujuy,0.12158907772650233,1471.6999999999998,0.0,0.0,1471.8215890777276
Chaco,La Pampa,0.09170724333490068,41.51199999999994,0.0,0.0,41.60370724333488
Chaco,La Rioja,0.11872235149312854,49925.905348056454,0.0,0.0,49926.02407040801
Chaco,Mendoza,0.6895293532410502,24201.840000000015,0.0,0.0,24202.52952935317
Chaco,Misiones,163616.17931824407,106449.62753678026,0.0,2.523686655116023,270068.33054167853
Chaco,Neuquén,0.5566805603571551,0.0,0.0,0.0,0.5566805603571551
Chaco,Río Negro,0.18908511270047473,0.0,0.0,0.0,0.18908511270047473
Chaco,Salta,0.17840230424259526,6928.676999999993,0.0,0.0,6928.855402304234
Chaco,San Juan,0.21770325693669884,5952.999999999997,0.0,0.0,5953.217703256921
Chaco,San Luis,0.1567237359736087,31551.200000000015,0.0,0.0,31551.356723736106
Chaco,Santa Cruz,0.1508885395596491,0.0,0.0,0.0,0.1508885395596491
Chaco,Santa Fe,53.44108497829282,1444965.3158227943,0.0,0.0,1445018.756907772
Chaco,Santiago del Estero,0.2105779567218254,54656.5352414126,0.0,0.0,54656.74581936917
Chaco,"Tierra del Fuego, Antártida e Islas del Atlántico Sur",0.11127613533078455,1507.0,0.0,0.0,1507.1112761353315
Chaco,Tucumán,0.3143327853254067,22383.973999999875,0.0,0.0,22384.28833278522
Chubut,Buenos Aires,398639.4742816371,3916.65851401645,1121.9456942490926,211598.1293977573,615276.2078876615
Chubut,Catamarca,142.2887623745256,0.0,0.0,114.42491366473419,256.7136760392598
Chubut,Chaco,909.0004550339108,784.3800000000011,0.0,177.20811292465163,1870.5885679585608
Chubut,Chubut,569063.0076164738,4832.3925899620235,33944.98690868897,620503.6465370262,1228344.0336521545
Chubut,Ciudad Autónoma de Buenos Aires,18101.331301586237,27.91506194797042,0.0,13160.729611689152,31289.97597522337
Chubut,Corrientes,8477.292861512946,0.0,0.0,237.89534317545787,8715.188204688397
Chubut,Córdoba,9608.516619217304,30.06,7194.0,780.672273008367,17613.2488922256
Chubut,Entre Ríos,679.0010800828468,86.55099999999997,0.0,2395.0,3160.5520800828494
Chubut,Formosa,78.0002980988751,25.999999999999982,0.0,233.47751636024444,337.4778144591187
Chubut,Jujuy,1460.0003036846965,0.0,0.0,210.68642976785128,1670.686733452546
Chubut,La Pampa,75291.76126679126,0.0,2801.054305750904,976.073409035869,79068.88898157806
Chubut,La Rioja,1.5213282176755745,0.0,0.0,27.361347296690415,28.882675514365996
Chubut,Mendoza,2941.074132793314,1.2833252181562242,0.0,7.849175171513661,2950.2066331829833
Chubut,Misiones,1853.7083629805902,0.0,0.0,138.00000000000014,1991.7083629805902
Chubut,Neuquén,2265.0013903828403,0.0,0.0,2475.4658431488633,4740.4672335317
Chubut,Río Negro,43737.83372085228,6.8566114385062225,4600.000000000002,79841.92746948762,128186.61780177834
Chubut,Salta,1033.000445583192,0.0,0.0,2816.1790686350937,3849.1795142182864
Chubut,San Juan,5.000543742486748,0.0,0.0,1087.9999999999989,1093.000543742488
Chubut,San Luis,8798.000391438112,0.0,3995.9999999999977,432.9100654409763,13226.910456879099
Chubut,Santa Cruz,89505.00037686394,0.0,0.0,460832.16394612804,550337.1643229915
Chubut,Santa Fe,105827.32952359092,7553.854306899551,0.0,5133.896624820911,118515.08045531136
Chubut,Santiago del Estero,328.7122264022664,0.0,0.0,105.52931857279908,434.24154497506566
Chubut,"Tierra del Fuego, Antártida e Islas del Atlántico Sur",47099.00027792676,0.0,0.0,108178.53720590526,155277.53748383198
Chubut,Tucumán,1320.0007850874294,0.0,4439.9999999999945,248.3131699906713,6008.313955078104
Ciudad Autónoma de Buenos Aires,Buenos Aires,3772358.4962487114,495846.93540976016,1484.6523251868484,3192508.528976064,7462198.61295973
Ciudad Autónoma de Buenos Aires,Catamarca,1522.1714542756847,4.185472795315158,0.0,21488.735696844393,23015.092623915363
Ciudad Autónoma de Buenos Aires,Chaco,22946.60213040382,704.9832135948421,2043.5217656485584,19191.775069847085,44886.8821794943
Ciudad Autónoma de Buenos Aires,Chubut,19289.93623794092,0.0,0.0,23734.81134892579,43024.74758686672
Ciudad Autónoma de Buenos Aires,Ciudad Autónoma de Buenos Aires,764252.4446718087,105395.3671966316,259.19738965401336,722144.8123397877,1592051.821597882
Ciudad Autónoma de Buenos Aires,Corrientes,55029.22443612504,20132.202647236154,1216.8373639624672,26238.339377589426,102616.60382491304
Ciudad Autónoma de Buenos Aires,Córdoba,40563.84152569113,31449.91151078554,0.0,144585.34133782348,216599.09437430018
Ciudad Autónoma de Buenos Aires,Entre Ríos,41999.61246343749,45056.01732993184,1338.5211003587137,44876.474822752796,133270.62571648107
Ciudad Autónoma de Buenos Aires,Formosa,5317.916802968643,0.0,1171.8932727198458,8628.4872919409,15118.29736762939
Ciudad Autónoma de Buenos Aires,Jujuy,5937.136466199752,13.550165381020168,0.0,75761.18858176986,81711.87521335068
Ciudad Autónoma de Buenos Aires,La Pampa,874.0727810946112,3475.4365111701377,0.0,9660.583589308799,14010.092881573566
Ciudad Autónoma de Buenos Aires,La Rioja,1178.3927238747988,1.47009848517169,0.0,12506.39708283749,13686.259905197461
Ciudad Autónoma de Buenos Aires,Mendoza,11616.405587652678,0.0,0.0,72636.09407537567,84252.49966302833
Ciudad Autónoma de Buenos Aires,Misiones,653100.7411551523,577.3929487421256,0.0,24163.132124110245,677841.266228006
Ciudad Autónoma de Buenos Aires,Neuquén,3767.6325923571035,0.0,0.0,58641.59569418562,62409.228286542755
Ciudad Autónoma de Buenos Aires,Río Negro,21178.06335612805,0.0,0.0,19918.519740759075,41096.58309688717
Ciudad Autónoma de Buenos Aires,Salta,21522.791113259504,148.95619346517373,0.0,68944.56624391426,90616.31355063894
Ciudad Autónoma de Buenos Aires,San Juan,1809.573676781578,0.0,0.0,22933.19954696931,24742.773223750897
Ciudad Autónoma de Buenos Aires,San Luis,5318.447445481863,0.0,0.0,16509.522004415317,21827.969449897188
Ciudad Autónoma de Buenos Aires,Santa Cruz,4407.623947630957,0.0,0.0,15894.833342242422,20302.457289873393
Ciudad Autónoma de Buenos Aires,Santa Fe,126543.17804475094,81355.58166525891,0.0,267829.3161494971,475728.07585950627
Ciudad Autónoma de Buenos Aires,Santiago del Estero,29232.536516488046,2514.2683941364267,0.0,22451.65357711249,54198.458487737
Ciudad Autónoma de Buenos Aires,"Tierra del Fuego, Antártida e Islas del Atlántico Sur",725.4494204157374,0.0,0.0,11722.00109573218,12447.450516147917
Ciudad Autónoma de Buenos Aires,Tucumán,3130.4202519387923,139.90091533704583,0.0,33112.30429647768,36382.625463753546
Corrientes,Buenos Aires,672.2488962721394,41177.207776938645,0.0,0.0,41849.4566732108
Corrientes,Catamarca,11.406334846369274,30254.625865146674,0.0,0.0,30266.03219999302
Corrientes,Chaco,11452.214185657682,18483.498834539005,0.0,616287.0000000014,646222.7130201957
Corrientes,Chubut,13.868783895606079,7530.421830598897,0.0,0.0,7544.290614494503
Corrientes,Ciudad Autónoma de Buenos Aires,154.7535034856607,3965.0111304155353,0.0,0.0,4119.764633901191
Corrientes,Corrientes,63841.87296201821,299350.3032555081,0.0,1055629.8802038094,1418822.0564213365
Corrientes,Córdoba,81.25920589503254,33895.810044685204,0.0,0.0,33977.0692505802
Corrientes,Entre Ríos,26.61834482222178,193304.7113574319,0.0,0.0,193331.32970225412
Corrientes,Formosa,7.346564820029497,5461.588477196223,0.0,324.9999999999997,5793.935042016256
Corrientes,Jujuy,7.484225851711021,383.99999999999966,0.0,0.0,391.48422585171085
Corrientes,La Pampa,5.644896187962586,400.5494931934425,0.0,0.0,406.1943893814054
Corrientes,La Rioja,7.307768994016526,18.284320161720142,0.0,0.0,25.5920891557367
Corrientes,Mendoza,42.44290282921894,20818.316292239502,0.0,0.0,20860.759195068746
Corrientes,Misiones,16852.05979184652,26005.03077620255,0.0,134123.5805378329,176980.67110588236
Corrientes,Neuquén,34.26560278992792,0.0,0.0,0.0,34.26560278992792
Corrientes,Río Negro,11.63883890812782,4498.156540757223,0.0,0.0,4509.795379665345
Corrientes,Salta,10.98127531175626,1002.3157867673929,0.0,0.0,1013.2970620791481
Corrientes,San Juan,13.40038409726495,3523.8699349739168,0.0,0.0,3537.270319071177
Corrientes,San Luis,9.646884887052286,11070.296039417164,0.0,0.0,11079.942924304218
Corrientes,Santa Cruz,9.28770848183764,700.6525016907195,0.0,0.0,709.9402101725561
Corrientes,Santa Fe,88.7037359828598,69012.27466378245,0.0,0.0,69100.97839976539
Corrientes,Santiago del Estero,12.96179736672557,1998.9999999999995,0.0,0.0,2011.9617973667225
Corrientes,"Tierra del Fuego, Antártida e Islas del Atlántico Sur",6.84942878335221,383.69065568777506,0.0,0.0,390.5400844711274
Corrientes,Tucumán,19.34826385692677,294.3200000000002,0.0,0.0,313.6682638569268
Córdoba,Buenos Aires,487709.4318008192,864831.5032240307,0.0,3455731.6759805423,4808272.61100526
Córdoba,Catamarca,70210.17148563205,76180.61538724595,0.0,243507.30793559767,389898.09480847255
Córdoba,Chaco,247367.33384568559,35436.00129301089,0.0,621048.9565190515,903852.2916577425
Córdoba,Chubut,10592.551343834977,50391.764364879884,0.0,58884.9523128727,119869.26802158754
Córdoba,Ciudad Autónoma de Buenos Aires,40576.58818896292,144533.12024616965,0.0,796105.5639856495,981215.2724207814
Córdoba,Corrientes,131319.28805267246,1885.175481650185,0.0,378088.2768087385,511292.74034305837
Córdoba,Córdoba,3466084.793200043,16631647.182282865,0.0,9571281.993761528,29669013.96924432
Córdoba,Entre Ríos,20863.792426649128,785857.7964346914,0.0,1532444.0033393786,2339165.592200685
Córdoba,Formosa,148197.21870682758,18725.425986931394,0.0,401116.0320418057,568038.676735563
Córdoba,Jujuy,697218.2228049879,4164.805940881669,0.0,29393.001290247634,730776.0300361164
Córdoba,La Pampa,1389.1604392252032,126839.26628128634,0.0,211692.92961725502,339921.35633776605
Córdoba,La Rioja,240257.0928281027,32887.90119393429,0.0,252096.2631978493,525241.2572198852
Córdoba,Mendoza,2825284.345628642,96010.92576478848,0.0,1030961.0581676816,3952256.329561097
Córdoba,Misiones,3665.908163057127,6836.000800336486,0.0,1539845.8155248496,1550347.7244882344
Córdoba,Neuquén,9566.020085094708,149.39537906184697,0.0,353745.9999999999,363461.4154641561
Córdoba,Río Negro,39406.20801668121,29.82000000000002,0.0,89083.04768712714,128519.07570380853
Córdoba,Salta,736999.8053465209,21970.985194543242,0.0,203535.11541810425,962505.9059591676
Córdoba,San Juan,75259.39892869163,66657.30730081256,0.0,441251.4935519207,583168.1997814206
Córdoba,San Luis,218360.2871872277,78254.36656201672,0.0,217168.00000000064,513782.65374924656
Córdoba,Santa Cruz,1900.2764945664064,30.220000000000002,0.0,47424.000000000065,49354.49649456632
Córdoba,Santa Fe,940433.6654131954,16250409.747562757,0.0,5483222.851766268,22674066.264742173
Córdoba,Santiago del Estero,99650.4471546747,36592.09993686009,0.0,137300.29580083315,273542.8428923681
Córdoba,"Tierra del Fuego, Antártida e Islas del Atlántico Sur",1388.2039071150125,0.0,0.0,555658.9999999995,557047.203907115
Córdoba,Tucumán,145677.85343748465,246312.1829072428,0.0,940836.582692648,1332826.6190373793
Entre Ríos,Buenos Aires,989.9773260284524,907474.9604501044,0.0,2392144.12362877,3300609.0614048867
Entre Ríos,Catamarca,654.7809935903987,15101.218913908628,0.0,6110.04873729474,21866.048644793776
Entre Ríos,Chaco,21681.000000000004,49839.656000000075,0.0,63085.999999999935,134606.656
Entre Ríos,Chubut,0.0,26371.546725031603,0.0,12772.15554105706,39143.70226608865
Entre Ríos,Ciudad Autónoma de Buenos Aires,311.0226739715458,181535.8398404172,0.0,183978.1593730414,365825.02188742947
Entre Ríos,Corrientes,1202439.62644693,45824.380705696945,0.0,54779.96507071276,1303043.9722233329
Entre Ríos,Córdoba,0.0,147749.76806382966,0.0,72319.89888861911,220069.66695244907
Entre Ríos,Entre Ríos,931681.3657495902,8069860.29719482,0.0,639237.5533614545,9640779.216305861
Entre Ríos,Formosa,0.0,8858.000000000016,0.0,24883.00000000007,33741.00000000008
Entre Ríos,Jujuy,0.0,39078.42999999984,0.0,231354.99999999994,270433.42999999947
Entre Ríos,La Pampa,0.0,12274.750302574917,0.0,6214.59034759057,18489.34065016547
Entre Ríos,La Rioja,0.0,7131.5266926130225,0.0,5423.093648036242,12554.620340649293
Entre Ríos,Mendoza,275.00000000000045,49178.80999999995,0.0,29236.999999999916,78690.80999999975
Entre Ríos,Misiones,2041674.3735530644,46038.589294302976,0.0,176927.03492928733,2264639.997776669
Entre Ríos,Neuquén,0.0,2664.9999999999986,0.0,9578.000000000004,12243.000000000002
Entre Ríos,Río Negro,0.0,13263.45327496839,0.0,30371.844458942996,43635.29773391124
Entre Ríos,Salta,0.0,49202.69699999991,0.0,350623.99999999994,399826.69700000016
Entre Ríos,San Juan,0.0,30482.559999999874,0.0,11297.000000000027,41779.559999999845
Entre Ríos,San Luis,0.0,331.6800000000002,0.0,8057.9999999999845,8389.679999999988
Entre Ríos,Santa Cruz,0.0,16137.00000000002,0.0,7154.0,23291.000000000015
Entre Ríos,Santa Fe,106735.00000000012,2898028.747650431,0.0,591140.1341139317,3595903.881764383
Entre Ríos,Santiago del Estero,88394.21900640958,30733.074086091397,0.0,18825.95126270527,137953.24435520577
Entre Ríos,"Tierra del Fuego, Antártida e Islas del Atlántico Sur",0.0,8091.999999999998,0.0,0.0,8091.999999999998
Entre Ríos,Tucumán,10179.999999999993,33040.500000000015,0.0,23570.000000000015,66790.50000000038
Formosa,Buenos Aires,0.0,182287.96688591634,0.0,0.0,182287.96688591634
Formosa,Catamarca,0.0,29.079999999999952,0.0,0.0,29.079999999999952
Formosa,Chaco,0.0,59448.72699999992,0.0,0.0,59448.72699999992
Formosa,Ciudad Autónoma de Buenos Aires,0.0,50846.830637900755,0.0,0.0,50846.830637900755
Formosa,Corrientes,1342.4266418948232,46330.03346808594,0.0,0.0,47672.46010998087
Formosa,Córdoba,0.0,2140.7570268479967,0.0,0.0,2140.7570268479967
Formosa,Entre Ríos,0.0,162053.79699999996,0.0,0.0,162053.79699999996
Formosa,Formosa,78552.67474229002,124694.71484687606,0.0,299496.130964175,502743.520553343
Formosa,La Pampa,0.0,452.0800000000002,0.0,0.0,452.0800000000002
Formosa,Mendoza,0.0,60.480000000000054,0.0,0.0,60.480000000000054
Formosa,Misiones,13389.57335810519,209360.83853191402,0.0,0.0,222750.41189001958
Formosa,Salta,1103.000000000002,2374.7400000000002,0.0,0.0,3477.740000000003
Formosa,Santa Fe,0.0,111154.9084493344,0.0,0.0,111154.9084493344
Formosa,Tucumán,0.0,6556.55,0.0,0.0,6556.55
Jujuy,Buenos Aires,49881.22408075175,531346.8680530713,0.0,24844.496640150894,606072.5887739693
Jujuy,Catamarca,269.45433708422996,107951.7370029392,0.0,524.4559022193502,108745.64724224283
Jujuy,Chaco,276.86521263284527,3622.750000000003,0.0,3438.000000000002,7337.615212632827
Jujuy,Chubut,1646.3605519668529,2224.2800000000007,0.0,0.0,3870.6405519668574
Jujuy,Ciudad Autónoma de Buenos Aires,13207.959563588964,156957.69043610996,0.0,7747.596324419575,177913.2463241185
Jujuy,Corrientes,842.6229701995162,4277.999999999999,0.0,22488.815008212987,27609.437978412534
Jujuy,Córdoba,8084.838824137033,1674.5111184073644,0.0,217.01678843361628,9976.366730978089
Jujuy,Entre Ríos,768.6902432279071,71.58000000000015,0.0,14805.0,15645.270243227911
Jujuy,Formosa,161.35442619141105,9749.999999999995,0.0,13077.000000000004,22988.35442619143
Jujuy,Jujuy,322644.4265811397,202538.91466502362,0.0,1137387.2970742935,1662570.638320458
Jujuy,La Pampa,166.60748410977783,25.09230035148825,0.0,0.0,191.69978446126612
Jujuy,La Rioja,370174.6013810691,5371.0,0.0,0.0,375545.60138106905
Jujuy,Mendoza,4405.033953316703,11609.00200000002,0.0,2513.999999999996,18528.035953316707
Jujuy,Misiones,388.29880100398196,10506.609999999977,0.0,17445.18499178692,28340.093792790838
Jujuy,Neuquén,813.3428937238215,0.0,0.0,2.0,815.3428937238217
Jujuy,Río Negro,389.1454902349288,57.00000000000001,0.0,15.000000000000004,461.14549023492805
Jujuy,Salta,289736.93458909786,77976.35099999994,0.0,199707.9999999995,567421.2855890965
Jujuy,San Juan,51424.76729974399,11908.99999999995,0.0,185.99999999999997,63519.76729974409
Jujuy,San Luis,1257.4643292790572,0.0,0.0,13.999999999999998,1271.464329279057
Jujuy,Santa Cruz,215.04738486529314,0.0,0.0,0.0,215.04738486529314
Jujuy,Santa Fe,9122.84052292588,45174.895092059,0.0,16893.890246995787,71191.62586198171
Jujuy,Santiago del Estero,280.40507814142046,1844.6569970607395,0.0,275.5440977806502,2400.606172982814
Jujuy,"Tierra del Fuego, Antártida e Islas del Atlántico Sur",153.38764574430778,0.0,0.0,1.9999999999999998,155.38764574430778
Jujuy,Tucumán,532.8059936270807,11170.199999999999,0.0,0.0,11703.005993627043
La Pampa,Buenos Aires,119767.28238357269,676214.6483560703,0.0,389280.55836526153,1185262.4891049021
La Pampa,Catamarca,0.0,102.54469148568772,0.0,0.0,102.54469148568772
La Pampa,Chaco,0.0,857.0300000000011,0.0,7887.000000000001,8744.030000000006
La Pampa,Chubut,21093.55205557322,0.0,0.0,1631.0,22724.552055573233
La Pampa,Ciudad Autónoma de Buenos Aires,339.4208251494878,4640.49198352515,0.0,28048.45983580756,33028.37264448221
La Pampa,Corrientes,378.86632944219895,0.0,0.0,3838.084532665672,4216.950862107871
La Pampa,Córdoba,21125.986392480565,146512.97540558598,0.0,38721.4183112587,206360.38010932488
La Pampa,Entre Ríos,0.0,2752.7753753339293,0.0,24746.0,27498.77537533393
La Pampa,Formosa,0.0,0.0,0.0,3033.0,3033.0
La Pampa,La Pampa,132992.4379369482,1109400.9494140127,0.0,70871.13118383933,1313264.5185347998
La Pampa,La Rioja,0.0,37.29999999999997,0.0,0.0,37.29999999999997
La Pampa,Mendoza,368263.994120149,58.0457738145673,0.0,14338.000000000005,382660.03989396343
La Pampa,Misiones,7.217440427987215,262.7566683901957,0.0,876.9154673343247,1146.8895761525066
La Pampa,Neuquén,87812.0,0.0,0.0,487.00000000000006,88299.00000000001
La Pampa,Río Negro,4146.2970919787695,297.7059288204548,0.0,8540.000000000002,12984.003020799233
La Pampa,Salta,0.0,921.4189346804608,0.0,0.0,921.4189346804608
La Pampa,San Juan,0.0,1382.1580677945074,0.0,0.0,1382.1580677945074
La Pampa,San Luis,0.0,717.9117263125298,0.0,37919.99999999998,38637.91172631251
La Pampa,Santa Cruz,2771.0,30.852404767150038,0.0,0.0,2801.85240476715
La Pampa,Santa Fe,126.37611112052568,277195.1764299776,0.0,91474.5896996067,368796.14224070666
La Pampa,"Tierra del Fuego, Antártida e Islas del Atlántico Sur",0.0,0.0,0.0,8325.0,8325.0
La Pampa,Tucumán,0.0,2288.995566333687,0.0,0.0,2288.995566333687
La Rioja,Buenos Aires,0.0,4754.074835843077,0.0,3252.0235610303757,8006.098396873448
La Rioja,Catamarca,36.99999999999999,156.68120976463675,0.0,559757.468464637,559951.1496744014
La Rioja,Chaco,0.0,530.4799999999992,0.0,771238.0434809484,771768.5234809484
La Rioja,Chubut,0.0,120.34563512009166,0.0,5.000000000000001,125.3456351200918
La Rioja,Ciudad Autónoma de Buenos Aires,0.0,465.36386435533836,0.0,156.94734412112567,622.3112084764647
La Rioja,Corrientes,1703.5472590127308,0.0,0.0,416045.7704649971,417749.31772400945
La Rioja,Córdoba,261.67894578974983,29302.866237913488,0.0,113231.43014160317,142795.97532530635
La Rioja,Entre Ríos,0.0,3958.60635779283,0.0,347.041876885367,4305.648234678196
La Rioja,Formosa,0.0,6.84464261852071,0.0,281390.96795819467,281397.8126008132
La Rioja,Jujuy,0.0,0.8624249699336094,0.0,209195.9987097523,209196.86113472222
La Rioja,La Pampa,0.0,0.7746043272424475,0.0,0.9888591271522439,1.7634634543946928
La Rioja,La Rioja,50810.857969877434,312.3311315771554,0.0,428996.38817234116,480119.5772737964
La Rioja,Mendoza,23425.917894221293,49598.26853069087,0.0,7130.9418323251575,80155.12825723719
La Rioja,Misiones,32.45274098726975,25.500476591145418,0.0,9341.137201414485,9399.090418992895
La Rioja,Neuquén,0.0,2.6846209381531225,0.0,1.9999999999999996,4.684620938153128
La Rioja,Río Negro,0.0,0.0,0.0,1.0000000000000002,1.0000000000000002
La Rioja,Salta,0.0,30.529680132236674,0.0,503448.88458189624,503479.4142620285
La Rioja,San Juan,0.0,48326.55769918733,0.0,24.50644808127878,48351.06414726864
La Rioja,San Luis,0.0,31.02385735043865,0.0,25.000000000000007,56.023857350438576
La Rioja,Santa Fe,9.16454510158348,29575.82389320815,0.0,3379.4291127339443,32964.417551043436
La Rioja,Santiago del Estero,0.0,60.54025137429858,0.0,636404.9277989331,636465.4680503075
La Rioja,"Tierra del Fuego, Antártida e Islas del Atlántico Sur",0.0,0.0,0.0,3.0,3.0
La Rioja,Tucumán,11278.585846049926,1306.8250044330305,0.0,1607299.417307363,1619884.8281578384
Mendoza,Buenos Aires,12.840759598451413,552472.2877082154,0.0,16120404.891085315,16672890.019553171
Mendoza,Catamarca,70510.05844826798,11896.079275118667,0.0,56760.801483399475,139166.93920678654
Mendoza,Chaco,0.21420438608550102,34987.98692412837,0.0,108466.2107204765,143454.41184899167
Mendoza,Chubut,13040.809427775583,16342.290935046727,0.0,80164.0653510486,109547.16571387085
Mendoza,Ciudad Autónoma de Buenos Aires,2.955977386198686,127061.5792471396,0.0,3894700.5233073346,4021765.0585318566
Mendoza,Corrientes,0.29448552903665937,31807.806732080586,0.0,69746.53457092783,101554.63578853666
Mendoza,Córdoba,1.552148220466209,107371.07762559468,0.0,631150.5016419124,738523.1314157374
Mendoza,Entre Ríos,0.5084422877690601,39724.55390118436,0.0,123959.07615397843,163684.13849745193
Mendoza,Formosa,0.14032819280412695,16877.945562785673,0.0,25551.819558789713,42429.90544976815
Mendoza,Jujuy,0.14295768349381074,21437.25824190068,0.0,45905.1846014003,67342.58580098461
Mendoza,La Pampa,2658.1078242825074,10108.909428811667,0.0,511908.9957653822,524676.0130184772
Mendoza,La Rioja,46254.13958714584,10763.025318081593,0.0,87162.10986823017,144179.27477345816
Mendoza,Mendoza,936824.9880540998,635140.8664595663,0.0,3640087.4504326065,5212053.304946282
Mendoza,Misiones,0.2819371807990455,38779.695099283184,0.0,69347.59725705089,108127.57429351356
Mendoza,Neuquén,95486.65451407991,17550.983376052343,0.0,394888.3061921146,507925.9440822468
Mendoza,Río Negro,18221.677798390454,20791.130325858412,0.0,271335.23040540074,310348.03852964967
Mendoza,Salta,16007.209755519343,40340.84576560197,0.0,89350.30403800304,145698.3595591235
Mendoza,San Juan,276813.2559633973,21683.098128992533,0.0,664443.8908965989,962940.2449889857
Mendoza,San Luis,41263.184267062905,13868.663230348311,0.0,829932.2385199382,885064.0860173516
Mendoza,Santa Cruz,0.1774063631745934,8721.981779461814,0.0,69765.02141451766,78487.18060034237
Mendoza,Santa Fe,1.6943476672951046,116529.918033812,0.0,617666.6974491524,734198.3098306283
Mendoza,Santiago del Estero,938.4070122621077,28724.01474910096,0.0,393413.5447545272,423075.9665158905
Mendoza,"Tierra del Fuego, Antártida e Islas del Atlántico Sur",0.13083229869392612,4042.3213707935793,0.0,31986.781801566256,36029.23400465852
Mendoza,Tucumán,1592.3695750282532,46107.64976871137,0.0,128113.63348126698,175813.65282500547
Misiones,Buenos Aires,748458.7693358077,219300.07771662215,0.0,218818.95890251917,1186577.8059549313
Misiones,Catamarca,242.4835295541954,5476.380501629775,0.0,17076.060466587824,22794.92449777175
Misiones,Chaco,271.39869300479813,23165.671165461055,0.0,85683.00000000013,109120.0698584659
Misiones,Chubut,294.8319258487666,4636.159309009307,0.0,14287.543750002918,19218.534984861075
Misiones,Ciudad Autónoma de Buenos Aires,127709.20330300517,53329.886838535014,0.0,53198.98204372653,234238.072185267
Misiones,Corrientes,46581.10510577491,41825.44757802892,0.0,75974.20862085774,164380.76130466224
Misiones,Córdoba,91516.46279322909,36798.979066039305,0.0,150995.17629491966,279310.61815418425
Misiones,Entre Ríos,125571.87065786798,30888.23564256774,0.0,27980.999999999967,184441.10630043547
Misiones,Formosa,24807.178210762013,10896.41152280378,0.0,70326.00000000009,106029.58973356639
Misiones,Jujuy,159.10470146168876,9436.000000000035,0.0,31683.000000000065,41278.10470146159
Misiones,La Pampa,120.00299570899288,4637.209286876629,0.0,14288.18508032806,19045.397362913736
Misiones,La Rioja,155.3534630275985,4930.970081147616,0.0,15386.33186167073,20472.655405845984
Misiones,Mendoza,902.2797437715658,33812.683707760414,0.0,79260.00000000006,113974.96345153215
Misiones,Misiones,125032.6282441168,78447.06892930677,0.0,473146.0534887818,676625.7506622097
Misiones,Neuquén,728.4412055857337,8041.000000000009,0.0,25106.00000000002,33875.44120558555
Misiones,Río Negro,247.42625710780953,4552.690319634573,0.0,6235.456249997058,11035.572826739442
Misiones,Salta,233.44732838950338,18084.71421323259,0.0,113609.00000000044,131927.1615416226
Misiones,San Juan,284.8743682394192,6410.130065026069,0.0,31186.999999999956,37882.00443326562
Misiones,San Luis,205.079960225791,5059.703960582869,0.0,19770.999999999916,25035.78392080879
Misiones,Santa Cruz,197.4443468896843,2507.5074983092804,0.0,5322.000000000006,8026.951845198968
Misiones,Santa Fe,100593.72361547235,40193.57358160363,0.0,155337.36581683662,296124.6630139072
Misiones,Santiago del Estero,275.55059685542557,17603.993633223556,0.0,45050.939533412326,62930.48376349119
Misiones,"Tierra del Fuego, Antártida e Islas del Atlántico Sur",145.60975889165766,1467.3093443122245,0.0,5782.000000000003,7394.919103203881
Misiones,Tucumán,411.31839227627785,21006.94200000012,0.0,65971.00000000013,87389.26039227622
Neuquén,Buenos Aires,3927.1157989329404,61040.0020024505,0.0,3381254.253119335,3446221.370920731
Neuquén,Catamarca,0.0,12.749999999999998,0.0,53752.41959664897,53765.16959664897
Neuquén,Chaco,0.0,519.7600000000002,0.0,52982.91276807711,53502.672768077005
Neuquén,Chubut,1167.6170351145581,248.308507326972,0.0,245943.01120215777,247358.9367445993
Neuquén,Ciudad Autónoma de Buenos Aires,182.88420106705053,386.5669975495697,0.0,720306.2119294084,720875.6631280248
Neuquén,Corrientes,0.0,0.0,0.0,70006.61499106466,70006.61499106466
Neuquén,Córdoba,9894.999999999998,108.06000000000007,0.0,383541.74358817044,393544.80358817027
Neuquén,Entre Ríos,0.0,0.0,0.0,124278.17062097524,124278.17062097524
Neuquén,Formosa,0.0,0.0,0.0,23718.25816946852,23718.25816946852
Neuquén,Jujuy,0.0,0.0,0.0,36342.11499511682,36342.11499511682
Neuquén,La Pampa,15752.000000000002,1003.8999999999995,0.0,26677.989858358796,43433.88985835877
Neuquén,La Rioja,0.0,0.0,0.0,34446.76340140317,34446.76340140317
Neuquén,Mendoza,64491.00000000004,5711.999999999999,0.0,199982.78521465574,270185.78521465586
Neuquén,Misiones,0.0,410.60000000000025,0.0,67343.09181677568,67753.69181677568
Neuquén,Neuquén,154904.36412369885,23899.818223840142,0.0,1301279.854874548,1480084.0372220885
Neuquén,Río Negro,120747.3829648856,40024.69149267306,0.0,57887.78379316497,218659.85825072322
Neuquén,Salta,0.0,1511.119999999997,0.0,52520.54991931606,54031.66991931604
Neuquén,San Juan,0.0,0.0,0.0,63148.240725346725,63148.240725346725
Neuquén,San Luis,5898.999999999998,0.0,0.0,45594.536467746104,51493.53646774612
Neuquén,Santa Cruz,0.0,0.0,0.0,61206.26796126909,61206.26796126909
Neuquén,Santa Fe,0.0,1080.784999999997,0.0,419238.83339441876,420319.6183944193
Neuquén,Santiago del Estero,0.0,0.0,0.0,61097.6373302229,61097.6373302229
Neuquén,"Tierra del Fuego, Antártida e Islas del Atlántico Sur",0.0,0.0,0.0,34477.252925138775,34477.252925138775
Neuquén,Tucumán,0.0,0.0,0.0,91203.82315296354,91203.82315296354
Río Negro,Buenos Aires,6299.222864324196,5304.174715395967,0.0,1356251.4457650997,1367854.8433448207
Río Negro,Catamarca,0.05108973855973983,60.14200000000001,952.9999999999997,18451.266389676788,19464.459479415378
Río Negro,Chaco,0.050229089460183646,82.61999999999992,0.0,928.7918870753489,1011.462116164815
Río Negro,Chubut,2874.111885796017,3492.1333670503404,10758.000000000002,701069.4690040236,718193.7142568709
Río Negro,Ciudad Autónoma de Buenos Aires,361.5879929058243,189.99971134229204,0.0,226440.28489608355,226991.87260033176
Río Negro,Corrientes,0.06905432821906647,0.0,0.0,1649.2613851485494,1649.3304394767647
Río Negro,Córdoba,0.3639654315488305,7057.054291818014,4332.383716207617,55800.18813355942,67189.9901070169
Río Negro,Entre Ríos,0.11922535119098245,30.520000000000003,0.0,6562.999999999998,6593.639225351167
Río Negro,Formosa,0.03290575640841901,0.0,0.0,666.5224836397563,666.5553893961677
Río Negro,Jujuy,0.033522349399349234,0.0,0.0,13838.31357023213,13838.34709258153
Río Negro,La Pampa,0.025283868510284822,54.90046988036548,0.0,4286.150688364043,4341.076442112916
Río Negro,La Rioja,0.032731987302487275,0.0,37.616283792383044,248.44123193582138,286.09024771550594
Río Negro,Mendoza,2812.1176940043642,46.71667478184368,0.0,33640.15082482844,36498.98519361466
Río Negro,Misiones,0.06611184829266126,0.0,0.0,1002.8432716759966,1002.9093835242901
Río Negro,Neuquén,9413.153477932376,20973.000000000004,0.0,126337.53415685092,156723.68763478356
Río Negro,Río Negro,51471.411810225,27193.044290178015,0.0,766243.4092629016,844907.8653633051
Río Negro,Salta,0.04918586840440972,0.0,0.0,1478.8209313649088,1478.8701172333083
Río Negro,San Juan,0.06002121885342337,0.0,0.0,3817.000000000002,3817.0600212188615
Río Negro,San Luis,0.04320904422267482,29.311999999999994,0.0,20597.08993455901,20626.44514360321
Río Negro,Santa Cruz,2074.0416002690217,152.0,0.0,144255.8360538717,146481.87765414102
Río Negro,Santa Fe,0.39730998096018855,1830.642928699421,0.0,64589.626621355426,66420.66686003645
Río Negro,Santiago del Estero,0.058056759480554936,0.0,565.9999999999999,766.779378085687,1332.8374348451764
Río Negro,"Tierra del Fuego, Antártida e Islas del Atlántico Sur",1332.0306790507673,1009.9999999999998,0.0,29946.462794094732,32288.49347314548
Río Negro,Tucumán,0.08666217109608171,0.0,2316.000000000001,2400.6868300093283,4716.77349218041
Salta,Buenos Aires,26734.850567663343,201699.27288358487,0.0,132835.52728056398,361269.65073180967
Salta,Catamarca,453.62165610602216,36720.937129716185,0.0,2714.7563442923292,39889.31513011449
Salta,Chaco,445.9800223675718,65331.253000000026,0.0,654.3224076300437,66431.55542999748
Salta,Chubut,551.5514671133717,528.0000000000001,0.0,188.72137893980107,1268.2728460531687
Salta,Ciudad Autónoma de Buenos Aires,6154.434486176729,32320.844671202536,0.0,31988.270308821768,70463.54946620103
Salta,Corrientes,5203.677378471175,81749.2984651903,0.0,16275.716553863078,103228.69239752441
Salta,Córdoba,3231.6196261499376,32089.27664521979,0.0,6608.09813026175,41928.99440163175
Salta,Entre Ríos,1058.592249279871,47512.19600000018,0.0,424.50529912163245,48995.29354840146
Salta,Formosa,292.1675494572042,37055.79000000006,0.0,2490.7642972008857,39838.721846658205
Salta,Jujuy,212017.64222874862,131150.64499999984,0.0,77169.56078693156,420337.84801568027
Salta,La Pampa,224.49342333179283,399.64316470859774,0.0,118.58322914474203,742.7198171851321
Salta,La Rioja,290.6246676215357,6880.788280406431,0.0,363.2955498031896,7534.70849783116
Salta,Mendoza,3414.923432956686,359614.03199999855,0.0,634.5610033802907,363663.5164363381
Salta,Misiones,674.4521694041654,88607.15053480964,0.0,32282.230393020774,121563.83309723536
Salta,Neuquén,1362.7181469239345,219.99999999999977,0.0,140.92963370996586,1723.6477806338949
Salta,Río Negro,462.86817384961216,190.00000000000006,0.0,72.67991629176676,725.5480901413814
Salta,Salta,250267.43150516364,797172.1350065208,0.0,923312.7468861548,1970752.3133978364
Salta,San Juan,532.9235471807132,2308.0000000000014,0.0,1394.6994001007122,4235.622947281455
Salta,San Luis,383.64960854377614,253.00000000000023,0.0,2315.901418388707,2952.5510269324777
Salta,Santa Cruz,369.36542366211506,337.0000000000004,0.0,42.34660323830949,748.7120269004253
Salta,Santa Fe,3527.6831831869763,530097.2913548758,0.0,5174.425185056039,538799.3997231176
Salta,Santiago del Estero,515.4812713109422,165829.3858702834,0.0,1029.8847945530129,167374.75193614708
Salta,"Tierra del Fuego, Antártida e Islas del Atlántico Sur",272.39681018776014,156.00000000000006,0.0,103.5802241054371,531.9770342931972
Salta,Tucumán,769.466407199953,595784.0069999989,0.0,1689.8870130827515,598243.3604202833
San Juan,Buenos Aires,0.0,208671.8474375733,0.0,324208.7379210139,532880.5853585878
San Juan,Catamarca,2165.9999999999995,4629.600632879587,0.0,51427.11672177438,58222.717354653854
San Juan,Chaco,0.0,13956.021285138917,0.0,6608.000000000015,20564.021285138835
San Juan,Chubut,0.0,6359.367636558609,0.0,136625.31236950762,142984.68000606616
San Juan,Ciudad Autónoma de Buenos Aires,0.0,49025.33030624479,0.0,22977.905712105457,72003.23601835022
San Juan,Corrientes,0.0,12393.953856593695,0.0,5188.156217626244,17582.110074219945
San Juan,Córdoba,0.0,47435.30039281562,0.0,82416.58095515125,129851.88134796674
San Juan,Entre Ríos,0.0,15312.539288398475,0.0,6169.000000000002,21481.539288398515
San Juan,Formosa,0.0,56681.09535824296,0.0,2750.0000000000073,59431.095358242856
San Juan,Jujuy,0.0,8341.496714914243,0.0,23957.999999999924,32299.49671491422
San Juan,La Pampa,0.0,3934.084686020286,0.0,120775.6251207886,124709.70980680926
San Juan,La Rioja,19297.999999999993,4183.858544591725,0.0,31343.788079006845,54825.64662359867
San Juan,Mendoza,14338.999999999905,21567.323537359647,0.0,602867.000000002,638773.3235373589
San Juan,Misiones,0.0,13697.178711956534,0.0,5701.843782373723,19399.02249433025
San Juan,Neuquén,0.0,6829.549563637268,0.0,1716396.0000000054,1723225.549563634
San Juan,Río Negro,0.0,7859.967494418758,0.0,176050.68763049267,183910.65512491096
San Juan,Salta,2928.9999999999927,15045.522491162517,0.0,384589.00000000204,402563.52249116375
San Juan,San Juan,77086.13751452634,8502.346041310793,0.0,935788.7380668897,1021377.2216227222
San Juan,San Luis,0.0,5355.822002184089,0.0,437212.9999999994,442568.82200218516
San Juan,Santa Cruz,0.0,3394.097797891253,0.0,1280.9999999999986,4675.097797891254
San Juan,Santa Fe,0.0,54568.60829355346,0.0,48020.362211934415,102588.97050548723
San Juan,Santiago del Estero,0.0,11177.439442493973,0.0,7657.883278225593,18835.32272071957
San Juan,"Tierra del Fuego, Antártida e Islas del Atlántico Sur",0.0,1573.358660760515,0.0,590.9999999999999,2164.358660760516
San Juan,Tucumán,13684.999999999949,17941.37807059526,0.0,11946.999999999958,43573.37807059534
San Luis,Buenos Aires,0.0,49559.78471537024,0.0,30289.800776191365,79849.58549156191
San Luis,Catamarca,26.999999999999982,227.83758039500256,0.0,4.781922165625156,259.61950256062795
San Luis,Chaco,0.0,555.7199999999998,0.0,804.0000000000022,1359.7200000000003
San Luis,Chubut,356.0,339.3279999999999,0.0,2476.999999999996,3172.3279999999922
San Luis,Ciudad Autónoma de Buenos Aires,0.0,2526.5990272122035,0.0,8103.32402531862,10629.923052530828
San Luis,Corrientes,3135.272749162258,0.0,0.0,0.0,3135.272749162258
San Luis,Córdoba,259056.05387576856,379673.2606267173,0.0,49111.15669095606,687840.4711934422
San Luis,Entre Ríos,0.0,2272.389000000003,0.0,0.0,2272.389000000003
San Luis,Formosa,0.0,0.0,0.0,90.99999999999997,90.99999999999997
San Luis,Jujuy,0.0,0.0,0.0,488.9999999999999,488.9999999999999
San Luis,La Pampa,0.0,92925.877711662,0.0,594.8751984900316,93520.75291015205
San Luis,La Rioja,16909.028647178708,1542.258468303839,0.0,4410.999999999996,22862.287115482548
San Luis,Mendoza,180627.0,352783.2800000003,0.0,162746.0000000005,696156.2799999997
San Luis,Misiones,59.72725083774588,68.86000000000006,0.0,0.0,128.58725083774598
San Luis,Salta,0.0,227.47999999999988,0.0,0.0,227.47999999999988
San Luis,San Juan,1503.0000000000005,374.26,0.0,22648.999999999985,24526.26000000004
San Luis,San Luis,452240.7673486091,247512.3482927943,0.0,655818.9914574214,1355572.107098824
San Luis,Santa Cruz,0.0,0.0,0.0,452.9999999999996,452.9999999999996
San Luis,Santa Fe,40572.91747705318,389446.73945073417,0.0,2562.843309044015,432582.50023683056
San Luis,Santiago del Estero,0.0,6316.3224196050005,0.0,682.2180778343735,6998.540497439359
San Luis,"Tierra del Fuego, Antártida e Islas del Atlántico Sur",0.0,0.0,0.0,1422.9999999999998,1422.9999999999998
San Luis,Tucumán,0.0,4024.8690000000015,0.0,116.00000000000011,4140.8690000000015
Santa Cruz,Buenos Aires,414.9338050522178,2554.679825116632,0.0,110493.7150384904,113463.32866865926
Santa Cruz,Catamarca,0.0,833.6197088803743,122.58177949491999,49.75842074041388,1005.9599091157058
Santa Cruz,Chaco,0.0,0.0,0.0,159.99999999999994,159.99999999999994
Santa Cruz,Chubut,6.999999999999999,0.0,3014.8877385873834,125.53720590527473,3147.42494449266
Santa Cruz,Ciudad Autónoma de Buenos Aires,75.06619494778286,55.96017488336626,0.0,12293.404276432604,12424.430646263754
Santa Cruz,Corrientes,0.0,0.0,0.0,127.51395664419991,127.51395664419991
Santa Cruz,Córdoba,0.0,57.94000000000003,0.0,2081.5300721473363,2139.4700721473355
Santa Cruz,Entre Ríos,0.0,448.73899999999963,0.0,232.0,680.739000000001
Santa Cruz,Formosa,0.0,0.0,0.0,69.00000000000003,69.00000000000003
Santa Cruz,Jujuy,0.0,0.0,0.0,1867.9999999999993,1867.9999999999993
Santa Cruz,La Pampa,0.0,0.0,0.0,38.82174603443589,38.82174603443589
Santa Cruz,La Rioja,0.0,0.0,0.0,43.52651097065543,43.52651097065543
Santa Cruz,Mendoza,0.0,0.0,0.0,1367.0000000000014,1367.0000000000014
Santa Cruz,Misiones,0.0,0.0,0.0,149.48604335580004,149.48604335580004
Santa Cruz,Neuquén,0.0,0.0,1644.0,117.99999999999999,1762.0
Santa Cruz,Río Negro,0.0,0.0,1264.1122614126145,86.46279409472537,1350.5750555073394
Santa Cruz,Salta,0.0,0.0,394.00000000000006,158.0,552.0
Santa Cruz,San Juan,0.0,0.0,0.0,167.00000000000014,167.00000000000014
Santa Cruz,San Luis,0.0,0.0,0.0,11602.000000000002,11602.000000000002
Santa Cruz,Santa Cruz,1145.638114961484,1721.6306852260527,6046.679626794143,78642.66278451275,87556.61121149446
Santa Cruz,Santa Fe,0.0,15209.525999999998,0.0,32044.002355924662,47253.52835592473
Santa Cruz,Santiago del Estero,0.0,29.660291119625352,487.41822050508,116.24157925958606,633.3200908842916
Santa Cruz,"Tierra del Fuego, Antártida e Islas del Atlántico Sur",4990.999999999999,0.0,0.0,2023.0,7014.000000000002
Santa Cruz,Tucumán,0.0,0.0,0.0,401.9999999999998,401.9999999999998
Santa Fe,Buenos Aires,2469863.6791345985,1016185.2192095241,0.0,957389.6466532508,4443438.544997438
Santa Fe,Catamarca,42211.55901864429,26669.05653153396,0.0,14392.987225921435,83273.60277609942
Santa Fe,Chaco,684014.1915986754,16002.940540926646,0.0,14150.525396107478,714167.6575357076
Santa Fe,Chubut,54012.170206045106,89.02000000000002,0.0,17500.207747457276,71601.39795350243
Santa Fe,Ciudad Autónoma de Buenos Aires,607681.0552866992,99846.68751483921,0.0,191994.6184646609,899522.3612661976
Santa Fe,Corrientes,152762.77594561622,682.4760849754141,0.0,118054.92810649279,271500.18013708544
Santa Fe,Córdoba,598339.0268490481,318901.34156145307,0.0,104074.48857543604,1021314.8569859408
Santa Fe,Entre Ríos,122130.24031401057,266509.64115904423,0.0,829529.3842987875,1218169.2657718458
Santa Fe,Formosa,121495.49520744088,12594.700855442372,0.0,6342.587420325835,140432.7834832089
Santa Fe,Jujuy,1887200.2545551583,10038.445703438343,0.0,9443.907138485958,1906682.6073970762
Santa Fe,La Pampa,2665.3691092207446,3282.652369752969,0.0,7122.964547271681,13070.986026245402
Santa Fe,La Rioja,3974.442492698356,3.4402197499241636,0.0,9221.246543918922,13199.129256367189
Santa Fe,Mendoza,72910.11689770393,1487.828494531739,0.0,53556.21823134708,127954.16362358206
Santa Fe,Misiones,232390.8109780562,8252.114034008151,0.0,244721.95378301258,485364.8787950737
Santa Fe,Neuquén,12035.017898272581,29.440000000000015,0.0,43237.761286739275,55302.21918501167
Santa Fe,Río Negro,6634.901374597984,34.29999999999997,0.0,14686.370511257,21355.571885854944
Santa Fe,Salta,1052951.6874502369,29732.135374717083,0.0,13856.62944453575,1096540.4522694892
Santa Fe,San Juan,3489.4151602649604,0.0,0.0,16909.161420573833,20398.5765808388
Santa Fe,San Luis,275737.87827861356,15712.86615416683,0.0,12172.840164645382,303623.58459742484
Santa Fe,Santa Cruz,1668.6512506122183,16.92,0.0,11719.616453283586,13405.187703895801
Santa Fe,Santa Fe,5925127.914668096,26650876.927803494,0.0,2167195.0855403324,34743199.92801139
Santa Fe,Santiago del Estero,561333.8973023101,46494.77315564474,0.0,16355.73446133279,624184.4049192889
Santa Fe,"Tierra del Fuego, Antártida e Islas del Atlántico Sur",1032.1638269934983,0.0,0.0,8642.893822727556,9675.057649721055
Santa Fe,Tucumán,385335.28291579214,85504.1772807042,0.0,24414.443227146665,495253.90342363965
Santiago del Estero,Buenos Aires,0.0,2034433.7774879253,0.0,0.0,2034433.7774879253
Santiago del Estero,Catamarca,290.7269608567311,12191.634701722793,0.0,4760.285947626189,17242.6476102058
Santiago del Estero,Chaco,0.0,239299.71088868572,0.0,4346.816078442899,243646.52696712728
Santiago del Estero,Chubut,0.0,224.99000000000004,0.0,0.0,224.99000000000004
Santiago del Estero,Ciudad Autónoma de Buenos Aires,0.0,351800.029892925,0.0,0.0,351800.029892925
Santiago del Estero,Corrientes,35.168274045376364,231.96449113754284,0.0,114.15440022613525,381.28716540905515
Santiago del Estero,Córdoba,0.0,1097491.812684754,0.0,0.0,1097491.812684754
Santiago del Estero,Entre Ríos,0.0,1213762.6556690757,0.0,0.0,1213762.6556690757
Santiago del Estero,Formosa,0.0,0.0,0.0,135.40946297728968,135.40946297728968
Santiago del Estero,Jujuy,23351.365496068596,3904.4181524411597,0.0,457425.61552875035,484681.3991772584
Santiago del Estero,La Pampa,0.0,123.04851697418883,0.0,0.0,123.04851697418883
Santiago del Estero,La Rioja,0.0,60.50187192957862,0.0,0.0,60.50187192957862
Santiago del Estero,Mendoza,0.0,117781.50932938725,0.0,3252.9482557971473,121034.4575851845
Santiago del Estero,Misiones,0.6699590413625219,19358.511299905236,0.0,1161.3969414311116,20520.578200377662
Santiago del Estero,Salta,3372.2572745792327,24646.11257750513,0.0,634841.2214509539,662859.5913030398
Santiago del Estero,San Luis,0.0,438.6500000000006,0.0,0.0,438.6500000000006
Santiago del Estero,Santa Fe,165.0000000000001,4889544.706827715,0.0,633.3087595154268,4890343.015587235
Santiago del Estero,Santiago del Estero,55665.89097499745,1193726.6435844451,0.0,935358.1076594826,2184750.6422189153
Santiago del Estero,Tucumán,4065.385674057439,259520.96229239844,0.0,0.0,263586.3479664554
"Tierra del Fuego, Antártida e Islas del Atlántico Sur",Buenos Aires,40093.77438210846,76787.63729929003,0.0,3269.6223102884283,120151.03399168687
"Tierra del Fuego, Antártida e Islas del Atlántico Sur",Catamarca,842.8440904598532,0.0,2342.9999999999995,0.0,3185.844090459852
"Tierra del Fuego, Antártida e Islas del Atlántico Sur",Chaco,2303.2367026728098,304.2399999999999,0.0,3.0,2610.476702672812
"Tierra del Fuego, Antártida e Islas del Atlántico Sur",Chubut,1346.7576245925975,83500.00000000001,737.0000000000001,2.9999999999999996,85586.75762459256
"Tierra del Fuego, Antártida e Islas del Atlántico Sur",Ciudad Autónoma de Buenos Aires,9619.438527544951,2622.5355368699934,0.0,372.4622029574703,12614.436267372412
"Tierra del Fuego, Antártida e Islas del Atlántico Sur",Corrientes,2230.2037625473013,0.0,0.0,2.0000000000000004,2232.2037625473013
"Tierra del Fuego, Antártida e Islas del Atlántico Sur",Córdoba,14591.526879610257,91.01999999999998,14282.000000000005,57.05875951765696,29021.605639127898
"Tierra del Fuego, Antártida e Islas del Atlántico Sur",Entre Ríos,3935.2874456679756,0.0,0.0,4.0,3939.2874456679747
"Tierra del Fuego, Antártida e Islas del Atlántico Sur",Formosa,2474.5318060253862,0.0,0.0,1.0000000000000002,2475.5318060253862
"Tierra del Fuego, Antártida e Islas del Atlántico Sur",Jujuy,7274.027367126905,0.0,0.0,0.0,7274.027367126905
"Tierra del Fuego, Antártida e Islas del Atlántico Sur",La Pampa,716.2216121692504,0.0,133.0,0.0,849.2216121692504
"Tierra del Fuego, Antártida e Islas del Atlántico Sur",La Rioja,976.6570369131517,0.0,3084.0,0.0,4060.6570369131523
"Tierra del Fuego, Antártida e Islas del Atlántico Sur",Mendoza,7159.80746718746,0.0,16081.000000000004,0.0,23240.80746718744
"Tierra del Fuego, Antártida e Islas del Atlántico Sur",Misiones,2493.1474296932415,0.0,0.0,3.0000000000000013,2496.1474296932433
"Tierra del Fuego, Antártida e Islas del Atlántico Sur",Neuquén,1243.3568134005516,0.0,3453.0000000000005,108.00000000000001,4804.356813400549
"Tierra del Fuego, Antártida e Islas del Atlántico Sur",Río Negro,1430.9500277039776,6349.0,0.0,0.9999999999999998,7780.95002770398
"Tierra del Fuego, Antártida e Islas del Atlántico Sur",Salta,2739.1195753465304,0.0,0.0,0.0,2739.1195753465304
"Tierra del Fuego, Antártida e Islas del Atlántico Sur",San Juan,1536.0903348846346,0.0,6296.999999999998,0.0,7833.090334884634
"Tierra del Fuego, Antártida e Islas del Atlántico Sur",San Luis,975.0566586751089,0.0,0.0,193.00000000000003,1168.0566586751086
"Tierra del Fuego, Antártida e Islas del Atlántico Sur",Santa Cruz,978.9140488012478,6965.0,37436.00000000001,0.0,45379.91404880125
"Tierra del Fuego, Antártida e Islas del Atlántico Sur",Santa Fe,7967.294142293511,5080.114163840026,0.0,937.856727236443,13985.265033369984
"Tierra del Fuego, Antártida e Islas del Atlántico Sur",Santiago del Estero,2034.9139218773573,0.0,0.0,0.0,2034.9139218773573
"Tierra del Fuego, Antártida e Islas del Atlántico Sur","Tierra del Fuego, Antártida e Islas del Atlántico Sur",1235.94505300475,14839.0,647.0,0.0,16721.94505300475
"Tierra del Fuego, Antártida e Islas del Atlántico Sur",Tucumán,3266.32590597809,0.0,410.00000000000006,0.0,3676.3259059780908
Tucumán,Buenos Aires,16456.103724185312,554329.6330554794,0.0,0.0,570785.7367796615
Tucumán,Catamarca,8396.462635505122,422294.06848573004,0.0,3433.7059738588337,434124.2370950957
Tucumán,Chaco,81.84517209976805,7720.765999999998,0.0,0.0,7802.611172099779
Tucumán,Chubut,101.81916322995761,25050.79793873022,0.0,0.0,25152.61710196017
Tucumán,Ciudad Autónoma de Buenos Aires,1131.613589412133,113952.89489435247,0.0,0.0,115084.50848376442
Tucumán,Corrientes,962.8243058316768,12131.886384317007,0.0,0.0,13094.71069014858
Tucumán,Córdoba,23903.987282827668,166609.43862101986,0.0,0.0,190513.42590384794
Tucumán,Entre Ríos,191.37975870092419,30926.28800000002,0.0,0.0,31117.66775870096
Tucumán,Formosa,37.208797218884605,656.0000000000003,0.0,0.0,693.2087972188806
Tucumán,Jujuy,64212.23144784218,19547.10999999997,0.0,778974.999999999,862734.341447846
Tucumán,La Pampa,39.750552215292004,15533.561618096233,0.0,0.0,15573.31217031153
Tucumán,La Rioja,18579.90442841588,13076.904144469809,0.0,0.0,31656.80857288567
Tucumán,Mendoza,19567.983517352575,129804.41999999911,0.0,2679.9999999999914,152052.40351735268
Tucumán,Misiones,117.14104114976615,19515.683615682963,0.0,0.0,19632.824656832705
Tucumán,Neuquén,253.6380317019679,27405.0,0.0,0.0,27658.638031701976
Tucumán,Río Negro,83.37783826133244,31623.26606126973,0.0,0.0,31706.643899531035
Tucumán,Salta,1186.806849239304,32217.916000000012,0.0,687418.9999999986,720823.7228492401
Tucumán,San Juan,99.20488723989746,32535.999999999978,0.0,0.0,32635.204887240026
Tucumán,San Luis,151567.5872898293,22439.250000000087,0.0,0.0,174006.83728982988
Tucumán,Santa Cruz,67.52819126458267,13388.99999999999,0.0,0.0,13456.52819126459
Tucumán,Santa Fe,654.8114304618731,319682.0506665787,0.0,0.0,320336.8620970407
Tucumán,Santiago del Estero,93.54687522131421,167089.5835142684,0.0,905.2940261411752,168088.42441563116
Tucumán,"Tierra del Fuego, Antártida e Islas del Atlántico Sur",50.12699889908995,6206.000000000004,0.0,0.0,6256.126998899089
Tucumán,Tucumán,190300.2585214852,540570.5167254081,0.0,703609.330314112,1434480.1055610073
